description,category
1 AP(s) are disconnected from Wireless Controller that are physically connected to Switch 'at-vie-core01.dyson.global.corp'.,Auto Resolving
3 AP(s) are disconnected from Wireless Controller that are physically connected to Switch 'Unknown'.,Auto Resolving
This network device at-vie-core01.dyson.global.corp is unreachable from Cisco Catalyst Center. The device role is BORDER:DEFAULT:WLC:EDGE:MAP-SERVER.,Non-Auto Resolving
This network device at-vie-rtr02 is unreachable from Cisco Catalyst Center. The device role is BORDER ROUTER.,Non-Auto Resolving
This network device at-vie-rtr01 is unreachable from Cisco Catalyst Center. The device role is BORDER ROUTER.,Non-Auto Resolving
ThousandEyes Alert triggered for [underlay] - UK Hub Primary to at-vie-rtr01 213.208.30.126,Auto Resolving
There is a Power Supply's Failure in Network Device PH-PAM-AS04.dyson.global.corp.,Non-Auto Resolving
There is a Power Supply's Failure in Network Device SG-SAM-B20-AS01-1.dyson.global.corp.,Non-Auto Resolving
ThousandEyes Alert triggered for [underlay] STC_To_au-par-rtr01_124.158.16.251,Auto Resolving
This network device UK-Hul-h86-EX14.dyson.global.corp is unreachable from Cisco Catalyst Center. The device role is EXTENDED-NODE.,Non-Auto Resolving
This network device UK-Hul-h86-EX10.dyson.global.corp is unreachable from Cisco Catalyst Center. The device role is EXTENDED-NODE.,Non-Auto Resolving
This network device UK-Hul-h181-EX17.dyson.global.corp is unreachable from Cisco Catalyst Center. The device role is EXTENDED-NODE.,Non-Auto Resolving
This network device at-vie-rtr01 is unreachable from Cisco Catalyst Center. The device role is BORDER ROUTER.,Non-Auto Resolving
This network device at-vie-rtr02 is unreachable from Cisco Catalyst Center. The device role is BORDER ROUTER.,Non-Auto Resolving
There is a Power Supply's Failure in Network Device SG-SAM-B20-AS01-1.dyson.global.corp.,Non-Auto Resolving
2 AP(s) are disconnected from Wireless Controller that are physically connected to Switch 'uk-bri-02-a-as01.dyson.global.corp'.,Auto Resolving
5 AP(s) are disconnected from Wireless Controller that are physically connected to Switch 'PH-BAT-PTC-C-L3S8-AS01.dyson.global.corp'.,Auto Resolving
1 AP(s) are disconnected from Wireless Controller that are physically connected to Switch 'Unknown'.,Auto Resolving
4 AP(s) are disconnected from Wireless Controller that are physically connected to Switch 'PH-BAT-PTC-C-L3S7-AS01.dyson.global.corp'.,Auto Resolving
There is a Power Supply's Failure in Network Device SG-SJP-B-05-AS01.dyson.global.corp.,Non-Auto Resolving
There is a Power Supply's Failure in Network Device PH-PAM-AS03.dyson.global.corp.,Non-Auto Resolving
There is a Power Supply's Failure in Network Device SG-SAM-B28-AS01.dyson.global.corp.,Non-Auto Resolving
This network device UK-Hul-h86-EX14.dyson.global.corp is unreachable from Cisco Catalyst Center. The device role is EXTENDED-NODE.,Non-Auto Resolving
This network device UK-Hul-h86-EX10.dyson.global.corp is unreachable from Cisco Catalyst Center. The device role is EXTENDED-NODE.,Non-Auto Resolving
This network device UK-Hul-h181-EX17.dyson.global.corp is unreachable from Cisco Catalyst Center. The device role is EXTENDED-NODE.,Non-Auto Resolving
This network device at-vie-rtr01 is unreachable from Cisco Catalyst Center. The device role is BORDER ROUTER.,Non-Auto Resolving
This network device at-vie-rtr02 is unreachable from Cisco Catalyst Center. The device role is BORDER ROUTER.,Non-Auto Resolving
This network device au-per-rtr01 is unreachable from Cisco Catalyst Center. The device role is BORDER ROUTER.,Non-Auto Resolving
This network device au-per-core01.dyson.global.corp is unreachable from Cisco Catalyst Center. The device role is WLC:MAP-SERVER:EDGE:BORDER:DEFAULT.,Non-Auto Resolving
ThousandEyes Alert triggered for [underlay] branch_to_uk-mal-rtr01_biz-int,Auto Resolving
ThousandEyes Alert triggered for [underlay] branch_to_sg-dop-rtr01_biz-int,Auto Resolving
ThousandEyes Alert triggered for [underlay] branch_to_uk-mal-rtr01_biz-int,Auto Resolving
There is a Power Supply's Failure in Network Device SG-SAM-B28-AS01.dyson.global.corp.,Non-Auto Resolving
ThousandEyes Alert triggered for [underlay] branch_to_sg-dop-rtr01_biz-int,Auto Resolving
ThousandEyes Alert triggered for [underlay] branch_to_sg-dop-rtr01_biz-int,Auto Resolving
"Network Device can-tor2-as01.dyson.global.corp is rebooting due to """"stack merge due to incompatibility"""".",Non-Auto Resolving
ThousandEyes Alert triggered for [underlay] branch_to_sg-dop-rtr01_biz-int,Auto Resolving
ThousandEyes Alert triggered for [underlay] branch_to_sg-dop-rtr01_biz-int,Auto Resolving
1 AP(s) are disconnected from Wireless Controller that are physically connected to Switch 'PH-PAM-AS01.dyson.global.corp'.,Auto Resolving
ThousandEyes Alert triggered for [underlay] branch_to_sg-dop-rtr01_biz-int,Auto Resolving
1 AP(s) are disconnected from Wireless Controller that are physically connected to Switch 'Unknown'.,Auto Resolving
1 AP(s) are disconnected from Wireless Controller that are physically connected to Switch 'PH-PAM-AS01.dyson.global.corp'.,Auto Resolving
1 AP(s) are disconnected from Wireless Controller that are physically connected to Switch 'PH-PAM-AS01.dyson.global.corp'.,Auto Resolving
ThousandEyes Alert triggered for [underlay] branch_to_uk-mal-rtr01_biz-int,Auto Resolving
1 AP(s) are disconnected from Wireless Controller that are physically connected to Switch 'PH-PAM-AS01.dyson.global.corp'.,Auto Resolving
1 AP(s) are disconnected from Wireless Controller that are physically connected to Switch 'Unknown'.,Auto Resolving
1 AP(s) are disconnected from Wireless Controller that are physically connected to Switch 'Unknown'.,Auto Resolving
ThousandEyes Alert triggered for [underlay] branch_to_uk-mal-rtr01_biz-int,Auto Resolving
ThousandEyes Alert triggered for [underlay] branch_to_sg-dop-rtr01_biz-int,Auto Resolving
0 AP(s) are disconnected from Wireless Controller that are physically connected to Switch 'PH-PAM-AS01.dyson.global.corp'.,Auto Resolving
ThousandEyes Alert triggered for [underlay] branch_to_sg-dop-rtr01_biz-int,Auto Resolving
ThousandEyes Alert triggered for [underlay] branch_to_sg-dop-rtr01_biz-int,Auto Resolving
ThousandEyes Alert triggered for [underlay] branch_to_uk-mal-rtr01_biz-int,Auto Resolving
ThousandEyes Alert triggered for [underlay] branch_to_sg-dop-rtr01_biz-int,Auto Resolving
ThousandEyes Alert triggered for [underlay] branch_to_sg-dop-rtr01_biz-int,Auto Resolving
ThousandEyes Alert triggered for [underlay] branch_to_sg-dop-rtr01_biz-int,Auto Resolving
ThousandEyes Alert triggered for [underlay] branch_to_sg-dop-rtr01_biz-int,Auto Resolving
ThousandEyes Alert triggered for [underlay] branch_to_sg-dop-rtr01_biz-int,Auto Resolving
ThousandEyes Alert triggered for [underlay] branch_to_uk-mal-rtr01_biz-int,Auto Resolving
ThousandEyes Alert triggered for [underlay] branch_to_sg-dop-rtr01_biz-int,Auto Resolving
ThousandEyes Alert triggered for [underlay] branch_to_uk-mal-rtr01_biz-int,Auto Resolving
ThousandEyes Alert triggered for [underlay] branch_to_sg-dop-rtr01_biz-int,Auto Resolving
1 AP(s) are disconnected from Wireless Controller that are physically connected to Switch 'PH-PAM-AS01.dyson.global.corp'.,Auto Resolving
1 AP(s) are disconnected from Wireless Controller that are physically connected to Switch 'PH-PAM-AS01.dyson.global.corp'.,Auto Resolving
1 AP(s) are disconnected from Wireless Controller that are physically connected to Switch 'PH-PAM-AS01.dyson.global.corp'.,Auto Resolving
1 AP(s) are disconnected from Wireless Controller that are physically connected to Switch 'PH-PAM-AS01.dyson.global.corp'.,Auto Resolving
ThousandEyes Alert triggered for [underlay] branch_to_sg-dop-rtr01_biz-int,Auto Resolving
ThousandEyes Alert triggered for [underlay] branch_to_sg-dop-rtr01_biz-int,Auto Resolving
2 AP(s) are disconnected from Wireless Controller that are physically connected to Switch 'PH-PAM-AS03.dyson.global.corp'.,Auto Resolving
ThousandEyes Alert triggered for [underlay] branch_to_sg-dop-rtr01_biz-int,Auto Resolving
ThousandEyes Alert triggered for [underlay] branch_to_sg-dop-rtr01_biz-int,Auto Resolving
1 AP(s) are disconnected from Wireless Controller that are physically connected to Switch 'PH-PAM-AS01.dyson.global.corp'.,Auto Resolving
There is a Power Supply's Failure in Network Device PH-PAM-AS04.dyson.global.corp.,Non-Auto Resolving
1 AP(s) are disconnected from Wireless Controller that are physically connected to Switch 'PH-PAM-AS01.dyson.global.corp'.,Auto Resolving
ThousandEyes Alert triggered for [underlay] branch_to_sg-dop-rtr01_biz-int,Auto Resolving
ThousandEyes Alert triggered for [underlay] branch_to_uk-mal-rtr01_biz-int,Auto Resolving
6 AP(s) are disconnected from Wireless Controller that are physically connected to Switch 'uk-bri-02-b-as01.dyson.global.corp'.,Auto Resolving
ThousandEyes Alert triggered for [underlay] branch_to_sg-dop-rtr01_biz-int,Auto Resolving
ThousandEyes Alert triggered for [underlay] branch_to_sg-dop-rtr01_biz-int,Auto Resolving
ThousandEyes Alert triggered for [underlay] branch_to_sg-dop-rtr01_biz-int,Auto Resolving
ThousandEyes Alert triggered for [underlay] aw-euw1-prd-transit-sdwan-02,Auto Resolving
ThousandEyes Alert triggered for [underlay] aw-euw1-prd-transit-sdwan-02,Auto Resolving
ThousandEyes Alert triggered for [underlay] branch_to_sg-dop-rtr01_biz-int,Auto Resolving
This network device dyson-singapore-37961715.1.dyson is unreachable from Cisco Catalyst Center. The device role is BORDER ROUTER.,Non-Auto Resolving
This network device dyson-singapore-37961715.dyson is unreachable from Cisco Catalyst Center. The device role is BORDER ROUTER.,Non-Auto Resolving
ThousandEyes Alert triggered for STC Verizon Secondary-Internet,Auto Resolving
ThousandEyes Alert triggered for STC Verizon Primary Internet,Auto Resolving
ThousandEyes Alert triggered for [underlay] branch_to_sg-dop-rtr01_biz-int,Auto Resolving
ThousandEyes Alert triggered for [underlay] aw-euw1-prd-transit-sdwan-02,Auto Resolving
ThousandEyes Alert triggered for [underlay] branch_to_sg-dop-rtr01_biz-int,Auto Resolving
ThousandEyes Alert triggered for STC Verizon Primary Internet,Auto Resolving
ThousandEyes Alert triggered for STC Verizon Secondary-Internet,Auto Resolving
ThousandEyes Alert triggered for [underlay] branch_to_sg-dop-rtr01_biz-int,Auto Resolving
ThousandEyes Alert triggered for [underlay] branch_to_sg-dop-rtr01_biz-int,Auto Resolving
ThousandEyes Alert triggered for [underlay] branch_to_sg-dop-rtr01_biz-int,Auto Resolving
ThousandEyes Alert triggered for [underlay] branch_to_sg-dop-rtr01_biz-int,Auto Resolving
ThousandEyes Alert triggered for [underlay] branch_to_sg-dop-rtr01_biz-int,Auto Resolving
ThousandEyes Alert triggered for [underlay] branch_to_sg-dop-rtr01_biz-int,Auto Resolving
ThousandEyes Alert triggered for [underlay] branch_to_sg-dop-rtr01_biz-int,Auto Resolving
ThousandEyes Alert triggered for [underlay] branch_to_sg-dop-rtr01_biz-int,Auto Resolving
ThousandEyes Alert triggered for [underlay] branch_to_sg-dop-rtr01_biz-int,Auto Resolving
1 AP(s) are disconnected from Wireless Controller that are physically connected to Switch 'PH-BAT-PTC-C-L2S2-AS01.dyson.global.corp'.,Auto Resolving
ThousandEyes Alert triggered for [underlay] branch_to_sg-dop-rtr01_biz-int,Auto Resolving
ThousandEyes Alert triggered for [underlay] branch_to_sg-dop-rtr01_biz-int,Auto Resolving
ThousandEyes Alert triggered for [underlay] branch_to_sg-dop-rtr01_biz-int,Auto Resolving
This network device SG-STC-3F-SVR-SW01.dyson.global.corp is unreachable from Cisco Catalyst Center. The device role is ACCESS.,Non-Auto Resolving
ThousandEyes Alert triggered for [underlay] branch_to_sg-dop-rtr01_biz-int,Auto Resolving
ThousandEyes Alert triggered for [underlay] branch_to_sg-dop-rtr01_biz-int,Auto Resolving
ThousandEyes Alert triggered for [underlay] branch_to_sg-dop-rtr01_biz-int,Auto Resolving
ThousandEyes Alert triggered for [underlay] branch_to_sg-dop-rtr01_biz-int,Auto Resolving
There is a Power Supply's Failure in Network Device SG-SAM-B20-A501-1.dyson.global.corp.,Non-Auto Resolving
ThousandEyes Alert triggered for [underlay] branch_to_sg-dop-rtr01_biz-int,Auto Resolving
ThousandEyes Alert triggered for [underlay] branch_to_sg-dop-rtr01_biz-int,Auto Resolving
This network device SG-STC-WLC1.dyson.global.corp is unreachable from Cisco Catalyst Center. The device role is WLC.,Non-Auto Resolving
ThousandEyes Alert triggered for [underlay] branch_to_sg-dop-rtr01_biz-int,Auto Resolving
ThousandEyes Alert triggered for [underlay] branch_to_sg-dop-rtr01_biz-int,Auto Resolving
ThousandEyes Alert triggered for [underlay] branch_to_sg-dop-rtr01_biz-int,Auto Resolving
ThousandEyes Alert triggered for [underlay] branch_to_sg-dop-rtr01_biz-int,Auto Resolving
ThousandEyes Alert triggered for [underlay] branch_to_sg-dop-rtr01_biz-int,Auto Resolving
ThousandEyes Alert triggered for [underlay] branch_to_sg-dop-rtr01_biz-int,Auto Resolving
ThousandEyes Alert triggered for [underlay] branch_to_sg-dop-rtr01_biz-int,Auto Resolving
ThousandEyes Alert triggered for [underlay] branch_to_sg-dop-rtr01_biz-int,Auto Resolving
ThousandEyes Alert triggered for [underlay] branch_to_sg-dop-rtr01_biz-int,Auto Resolving
ThousandEyes Alert triggered for [underlay] branch_to_sg-dop-rtr01_biz-int,Auto Resolving
ThousandEyes Alert triggered for [underlay] branch_to_sg-dop-rtr01_biz-int,Auto Resolving
ThousandEyes Alert triggered for [underlay] branch_to_sg-dop-rtr01_biz-int,Auto Resolving
ThousandEyes Alert triggered for [underlay] branch_to_sg-dop-rtr01_biz-int,Auto Resolving
ThousandEyes Alert triggered for [underlay] branch_to_sg-dop-rtr01_biz-int,Auto Resolving
ThousandEyes Alert triggered for [underlay] branch_to_sg-dop-rtr01_biz-int,Auto Resolving
ThousandEyes Alert triggered for [underlay] branch_to_sg-dop-rtr01_biz-int,Auto Resolving
ThousandEyes Alert triggered for [underlay] branch_to_sg-dop-rtr01_biz-int,Auto Resolving
ThousandEyes Alert triggered for [underlay] branch_to_sg-dop-rtr01_biz-int,Auto Resolving
ThousandEyes Alert triggered for [underlay] branch_to_sg-dop-rtr01_biz-int,Auto Resolving
This network device it-mil-dsc-rtr01 is unreachable from Cisco Catalyst Center. The device role is BORDER ROUTER.,Non-Auto Resolving
ThousandEyes Alert triggered for [underlay] branch_to_sg-dop-rtr01_biz-int,Auto Resolving
There is a Power Supply's Failure in Network Device SG-SAM-B28-AS01.dyson.global.corp.,Non-Auto Resolving
There is a Power Supply's Failure in Network Device PH-PAM-AS04.dyson.global.corp.,Non-Auto Resolving
ThousandEyes Alert triggered for [underlay] branch_to_sg-dop-rtr01_biz-int,Auto Resolving
ThousandEyes Alert triggered for [underlay] branch_to_sg-dop-rtr01_biz-int,Auto Resolving
There is a Power Supply's Failure in Network Device PH-PAM-AS04.dyson.global.corp.,Non-Auto Resolving
ThousandEyes Alert triggered for [underlay] branch_to_sg-dop-rtr01_biz-int,Auto Resolving
ThousandEyes Alert triggered for [underlay] branch_to_sg-dop-rtr01_biz-int,Auto Resolving
ThousandEyes Alert triggered for [underlay] branch_to_sg-dop-rtr01_biz-int,Auto Resolving
ThousandEyes Alert triggered for [underlay] branch_to_sg-dop-rtr01_biz-int,Auto Resolving
ThousandEyes Alert triggered for [underlay] branch_to_sg-dop-rtr01_biz-int,Auto Resolving
There is a Power Supply's Failure in Network Device SG-SAM-B20-AS01-1.dyson.global.corp.,Non-Auto Resolving
ThousandEyes Alert triggered for [underlay] branch_to_sg-dop-rtr01_biz-int,Auto Resolving
ThousandEyes Alert triggered for [underlay] branch_to_sg-dop-rtr01_biz-int,Auto Resolving
ThousandEyes Alert triggered for [underlay] aw-euw1-prd-transit-sdwan-02,Auto Resolving
ThousandEyes Alert triggered for [underlay] branch_to_sg-dop-rtr01_biz-int,Auto Resolving
ThousandEyes Alert triggered for [underlay] branch_to_sg-dop-rtr01_biz-int,Auto Resolving
ThousandEyes Alert triggered for [underlay] STC_To_uk-mal-SecondaryMPLS_158.43.25.126,Auto Resolving
ThousandEyes Alert triggered for [underlay] branch_to_sg-dop-rtr01_biz-int,Auto Resolving
ThousandEyes Alert triggered for [underlay] branch_to_sg-dop-rtr01_biz-int,Auto Resolving
"The Fabric WLC """"PH-PAM-WLC-C9800-01.dyson.global.corp"""" has connectivity failure to the Fabric Control Plane Node """"PH-PAM-CORE02.dyson.global.corp"""". This can pre",Non-Auto Resolving
"The Fabric WLC """"PH-PAM-WLC-C9800-01.dyson.global.corp"""" has connectivity failure to the Fabric Control Plane Node """"PH-PAM-CORE01.dyson.global.corp"""". This can pre",Non-Auto Resolving
This network device PH-PAM-WLC-C9800-01.dyson.global.corp is unreachable from Cisco Catalyst Center. The device role is WLC.,Non-Auto Resolving
This network device PH-PAM-WLC-C9800-01.dyson.global.corp is unreachable from Cisco Catalyst Center. The device role is WLC.,Non-Auto Resolving
ThousandEyes Alert triggered for [underlay] branch_to_sg-dop-rtr01_biz-int,Auto Resolving
ThousandEyes Alert triggered for [underlay] branch_to_sg-dop-rtr01_biz-int,Auto Resolving
There is a Power Supply's Failure in Network Device PH-PAM-AS04.dyson.global.corp.,Non-Auto Resolving
This network device PH-BAT-PTC-C-L2S1-EX01.dyson.global.corp is unreachable from Cisco Catalyst Center. The device role is EXTENDED-NODE.,Non-Auto Resolving
ThousandEyes Alert triggered for [underlay] branch_to_sg-dop-rtr01_biz-int,Auto Resolving
This network device my-sen-rtr02 is unreachable from Cisco Catalyst Center. The device role is BORDER ROUTER.,Non-Auto Resolving
This network device it-mil-dsc-rtr01 is unreachable from Cisco Catalyst Center. The device role is BORDER ROUTER.,Non-Auto Resolving
This network device it-mil-dsc-core01.dyson.global.corp is unreachable from Cisco Catalyst Center. The device role is WLC:EDGE:MAP-SERVER:BORDER:DEFAULT.,Non-Auto Resolving
This network device it-mil-dsc-as01.dyson.global.corp is unreachable from Cisco Catalyst Center. The device role is EDGE.,Non-Auto Resolving
ThousandEyes Alert triggered for [underlay] - UK Hub Primary to it-mil-dsc-rtr01 185.189.61.186,Auto Resolving
1 AP(s) are disconnected from Wireless Controller that are physically connected to Switch 'PH-PAM-AS01.dyson.global.corp'.,Auto Resolving
ThousandEyes Alert triggered for [underlay] branch_to_sg-dop-rtr01_biz-int,Auto Resolving
ThousandEyes Alert triggered for [underlay] branch_to_sg-dop-rtr01_biz-int,Auto Resolving
ThousandEyes Alert triggered for [underlay] branch_to_uk-mal-rtr01_biz-int,Auto Resolving
ThousandEyes Alert triggered for [underlay] branch_to_sg-dop-rtr01_biz-int,Auto Resolving
This network device SG-STC-WLC1.dyson.global.corp is unreachable from Cisco Catalyst Center. The device role is WLC.,Non-Auto Resolving
1 AP(s) are disconnected from Wireless Controller that are physically connected to Switch 'SG-STC-TESTEDGE01.dyson.global.corp'.,Auto Resolving
ThousandEyes Alert triggered for [underlay] branch_to_sg-dop-rtr01_biz-int,Auto Resolving
This network device it-mil-dsc-as01.dyson.global.corp is unreachable from Cisco Catalyst Center. The device role is EDGE.,Non-Auto Resolving
This network device it-mil-dsc-core01.dyson.global.corp is unreachable from Cisco Catalyst Center. The device role is WLC:EDGE:MAP-SERVER:BORDER:DEFAULT.,Non-Auto Resolving
ThousandEyes Alert triggered for [underlay] branch_to_sg-dop-rtr01_biz-int,Auto Resolving
ThousandEyes Alert triggered for Japan-to-dyson-Censhare,Auto Resolving
ThousandEyes Alert triggered for [underlay] branch_to_sg-dop-rtr01_biz-int,Auto Resolving
There is a Power Supply's Failure in Network Device PH-PAM-AS04.dyson.global.corp.,Non-Auto Resolving
ThousandEyes Alert triggered for [underlay] branch_to_sg-dop-rtr01_biz-int,Auto Resolving
This network device nz-akl-rtr01 is unreachable from Cisco Catalyst Center. The device role is BORDER ROUTER.,Non-Auto Resolving
This network device nz-akl-core01.dyson.global.corp is unreachable from Cisco Catalyst Center. The device role is WLC:MAP-SERVER:EDGE:BORDER:DEFAULT.,Non-Auto Resolving
There is a Power Supply's Failure in Network Device PH-PAM-AS03.dyson.global.corp.,Non-Auto Resolving
ThousandEyes Alert triggered for [underlay] branch_to_sg-dop-rtr01_biz-int,Auto Resolving
ThousandEyes Alert triggered for [underlay] branch_to_sg-dop-rtr01_biz-int,Auto Resolving
ThousandEyes Alert triggered for [underlay] branch_to_sg-dop-rtr01_biz-int,Auto Resolving
ThousandEyes Alert triggered for [underlay] branch_to_sg-dop-rtr01_biz-int,Auto Resolving
This network device PH-BAT-PTC-C-L2S1-EX01.dyson.global.corp is unreachable from Cisco Catalyst Center. The device role is EXTENDED-NODE.,Non-Auto Resolving
ThousandEyes Alert triggered for [underlay] branch_to_sg-dop-rtr01_biz-int,Auto Resolving
1 AP(s) are disconnected from Wireless Controller that are physically connected to Switch 'PH-PAM-AS03.dyson.global.corp'.,Auto Resolving
ThousandEyes Alert triggered for [underlay] branch_to_sg-dop-rtr01_biz-int,Auto Resolving
ThousandEyes Alert triggered for [underlay] branch_to_sg-dop-rtr01_biz-int,Auto Resolving
ThousandEyes Alert triggered for [underlay] branch_to_sg-dop-rtr01_biz-int,Auto Resolving
This network device CAN-TORW-C01.dyson.global.corp is unreachable from Cisco Catalyst Center. The device role is WLC:MAP-SERVER:EDGE:BORDER:DEFAULT.,Non-Auto Resolving
2 AP(s) are disconnected from Wireless Controller that are physically connected to Switch 'CAN-TORW-C01.dyson.global.corp'.,Auto Resolving
2 AP(s) are disconnected from Wireless Controller that are physically connected to Switch 'CAN-TORW-AS01.dyson.global.corp'.,Auto Resolving
ThousandEyes Alert triggered for [underlay] branch_to_sg-dop-rtr01_biz-int,Auto Resolving
1 AP(s) are disconnected from Wireless Controller that are physically connected to Switch 'Unknown'.,Auto Resolving
1 AP(s) are disconnected from Wireless Controller that are physically connected to Switch 'Unknown'.,Auto Resolving
This network device CAN-TORW-AS01.dyson.global.corp is unreachable from Cisco Catalyst Center. The device role is EDGE.,Non-Auto Resolving
1 AP(s) are disconnected from Wireless Controller that are physically connected to Switch 'Unknown'.,Auto Resolving
2 AP(s) are disconnected from Wireless Controller that are physically connected to Switch 'CAN-TORW-C01.dyson.global.corp'.,Auto Resolving
1 AP(s) are disconnected from Wireless Controller that are physically connected to Switch 'CAN-TORW-AS01.dyson.global.corp'.,Auto Resolving
1 AP(s) are disconnected from Wireless Controller that are physically connected to Switch 'CAN-TORW-C01.dyson.global.corp'.,Auto Resolving
ThousandEyes Alert triggered for [underlay] STC_To_Toronto_Workshop_157.130.159.246,Auto Resolving
ThousandEyes Alert triggered for MSTeams - MS Teams - Web - Internal,Auto Resolving
ThousandEyes Alert triggered for MSTeams - MS Teams (Video) - Internal,Auto Resolving
ThousandEyes Alert triggered for MSTeams - MS Teams (Audio) - Internal,Auto Resolving
ThousandEyes Alert triggered for MSTeams - MS Teams - Web - Internal,Auto Resolving
ThousandEyes Alert triggered for MSTeams - MS Teams (Audio) - Internal,Auto Resolving
ThousandEyes Alert triggered for MSTeams - MS Teams (Video) - Internal,Auto Resolving
1 AP(s) are disconnected from Wireless Controller that are physically connected to Switch 'PH-PAM-AS01.dyson.global.corp'.,Auto Resolving
1 AP(s) are disconnected from Wireless Controller that are physically connected to Switch 'PH-PAM-AS03.dyson.global.corp'.,Auto Resolving
1 AP(s) are disconnected from Wireless Controller that are physically connected to Switch 'PH-PAM-AS04.dyson.global.corp'.,Auto Resolving
ThousandEyes Alert triggered for [underlay] branch_to_sg-dop-rtr01_biz-int,Auto Resolving
ThousandEyes Alert triggered for [underlay] branch_to_sg-dop-rtr01_biz-int,Auto Resolving
ThousandEyes Alert triggered for [underlay] branch_to_uk-mal-rtr01_biz-int,Auto Resolving
ThousandEyes Alert triggered for [underlay] branch_to_uk-mal-rtr01_biz-int,Auto Resolving
ThousandEyes Alert triggered for [underlay] branch_to_uk-mal-rtr01_biz-int,Auto Resolving
ThousandEyes Alert triggered for [underlay] branch_to_uk-mal-rtr01_biz-int,Auto Resolving
ThousandEyes Alert triggered for [underlay] branch_to_sg-dop-rtr01_biz-int,Auto Resolving
ThousandEyes Alert triggered for [underlay] branch_to_sg-dop-rtr01_biz-int,Auto Resolving
ThousandEyes Alert triggered for [underlay] branch_to_sg-dop-rtr01_biz-int,Auto Resolving
There is a Power Supply's Failure in Network Device PH-PAM-AS03.dyson.global.corp.,Non-Auto Resolving
ThousandEyes Alert triggered for [underlay] branch_to_uk-mal-rtr01_biz-int,Auto Resolving
ThousandEyes Alert triggered for [underlay] branch_to_sg-dop-rtr01_biz-int,Auto Resolving
ThousandEyes Alert triggered for [underlay] branch_to_sg-dop-rtr01_biz-int,Auto Resolving
ThousandEyes Alert triggered for [underlay] branch_to_uk-mal-rtr01_biz-int,Auto Resolving
ThousandEyes Alert triggered for [underlay] branch_to_uk-mal-rtr01_biz-int,Auto Resolving
1 AP(s) are disconnected from Wireless Controller that are physically connected to Switch 'PH-PAM-AS01.dyson.global.corp'.,Auto Resolving
ThousandEyes Alert triggered for [underlay] branch_to_sg-dop-rtr01_biz-int,Auto Resolving
ThousandEyes Alert triggered for [underlay] branch_to_uk-mal-rtr01_biz-int,Auto Resolving
ThousandEyes Alert triggered for [underlay] branch_to_sg-dop-rtr01_biz-int,Auto Resolving
ThousandEyes Alert triggered for [underlay] branch_to_uk-mal-rtr01_biz-int,Auto Resolving
ThousandEyes Alert triggered for [underlay] branch_to_sg-dop-rtr01_biz-int,Auto Resolving
1 AP(s) are disconnected from Wireless Controller that are physically connected to Switch 'PH-PAM-AS01.dyson.global.corp'.,Auto Resolving
ThousandEyes Alert triggered for [underlay] branch_to_sg-dop-rtr01_biz-int,Auto Resolving
ThousandEyes Alert triggered for [underlay] branch_to_uk-mal-rtr01_biz-int,Auto Resolving
ThousandEyes Alert triggered for [underlay] branch_to_uk-mal-rtr01_biz-int,Auto Resolving
ThousandEyes Alert triggered for [underlay] branch_to_sg-dop-rtr01_biz-int,Auto Resolving
ThousandEyes Alert triggered for [underlay] branch_to_uk-mal-rtr01_biz-int,Auto Resolving
ThousandEyes Alert triggered for [underlay] branch_to_uk-mal-rtr01_biz-int,Auto Resolving
ThousandEyes Alert triggered for [underlay] branch_to_uk-mal-rtr01_biz-int,Auto Resolving
ThousandEyes Alert triggered for [underlay] branch_to_uk-mal-rtr01_biz-int,Auto Resolving
ThousandEyes Alert triggered for [underlay] branch_to_uk-mal-rtr01_biz-int,Auto Resolving
ThousandEyes Alert triggered for [underlay] branch_to_uk-mal-rtr01_biz-int,Auto Resolving
ThousandEyes Alert triggered for [underlay] branch_to_sg-dop-rtr01_biz-int,Auto Resolving
ThousandEyes Alert triggered for [underlay] branch_to_sg-dop-rtr01_biz-int,Auto Resolving
ThousandEyes Alert triggered for [underlay] branch_to_sg-dop-rtr01_biz-int,Auto Resolving
ThousandEyes Alert triggered for [underlay] branch_to_sg-dop-rtr01_biz-int,Auto Resolving
ThousandEyes Alert triggered for [underlay] branch_to_sg-dop-rtr01_biz-int,Auto Resolving
ThousandEyes Alert triggered for [underlay] branch_to_sg-dop-rtr01_biz-int,Auto Resolving
ThousandEyes Alert triggered for [underlay] branch_to_uk-mal-rtr01_biz-int,Auto Resolving
ThousandEyes Alert triggered for [underlay] branch_to_sg-dop-rtr01_biz-int,Auto Resolving
ThousandEyes Alert triggered for [underlay] branch_to_uk-mal-rtr01_biz-int,Auto Resolving
2 AP(s) are disconnected from Wireless Controller that are physically connected to Switch 'PH-PAM-AS01.dyson.global.corp'.,Auto Resolving
ThousandEyes Alert triggered for [underlay] branch_to_uk-mal-rtr01_biz-int,Auto Resolving
ThousandEyes Alert triggered for [underlay] branch_to_sg-dop-rtr01_biz-int,Auto Resolving
ThousandEyes Alert triggered for [underlay] branch_to_sg-dop-rtr01_biz-int,Auto Resolving
ThousandEyes Alert triggered for [underlay] branch_to_uk-mal-rtr01_biz-int,Auto Resolving
ThousandEyes Alert triggered for [underlay] branch_to_uk-mal-rtr01_biz-int,Auto Resolving
ThousandEyes Alert triggered for [underlay] branch_to_uk-mal-rtr01_biz-int,Auto Resolving
ThousandEyes Alert triggered for [underlay] branch_to_uk-mal-rtr01_biz-int,Auto Resolving
ThousandEyes Alert triggered for [underlay] branch_to_uk-mal-rtr01_biz-int,Auto Resolving
1 AP(s) are disconnected from Wireless Controller that are physically connected to Switch 'PH-PAM-AS01.dyson.global.corp'.,Auto Resolving
1 AP(s) are disconnected from Wireless Controller that are physically connected to Switch 'PH-PAM-AS01.dyson.global.corp'.,Auto Resolving
ThousandEyes Alert triggered for [underlay] branch_to_uk-mal-rtr01_biz-int,Auto Resolving
1 AP(s) are disconnected from Wireless Controller that are physically connected to Switch 'SG-SJP-C-03-AS02.dyson.global.corp'.,Auto Resolving
There is a Power Supply's Failure in Network Device SG-SJP-C-03-AS02.dyson.global.corp.,Non-Auto Resolving
1 AP(s) are disconnected from Wireless Controller that are physically connected to Switch 'PH-PAM-AS01.dyson.global.corp'.,Auto Resolving
ThousandEyes Alert triggered for [underlay] branch_to_sg-dop-rtr01_biz-int,Auto Resolving
ThousandEyes Alert triggered for [underlay] branch_to_sg-dop-rtr01_biz-int,Auto Resolving
ThousandEyes Alert triggered for [underlay] branch_to_sg-dop-rtr01_biz-int,Auto Resolving
ThousandEyes Alert triggered for [underlay] branch_to_sg-dop-rtr01_biz-int,Auto Resolving
ThousandEyes Alert triggered for [underlay] branch_to_sg-dop-rtr01_biz-int,Auto Resolving
ThousandEyes Alert triggered for [underlay] branch_to_sg-dop-rtr01_biz-int,Auto Resolving
This network device it-mil-dsc-rtr01 is unreachable from Cisco Catalyst Center. The device role is BORDER ROUTER.,Non-Auto Resolving
1 AP(s) are disconnected from Wireless Controller that are physically connected to Switch 'PH-PAM-AS01.dyson.global.corp'.,Auto Resolving
ThousandEyes Alert triggered for [underlay] branch_to_uk-mal-rtr01_biz-int,Auto Resolving
ThousandEyes Alert triggered for [underlay] branch_to_sg-dop-rtr01_biz-int,Auto Resolving
ThousandEyes Alert triggered for [underlay] branch_to_uk-mal-rtr01_biz-int,Auto Resolving
1 AP(s) are disconnected from Wireless Controller that are physically connected to Switch 'PH-PAM-AS01.dyson.global.corp'.,Auto Resolving
ThousandEyes Alert triggered for [underlay] branch_to_sg-dop-rtr01_biz-int,Auto Resolving
ThousandEyes Alert triggered for [underlay] branch_to_uk-mal-rtr01_biz-int,Auto Resolving
1 AP(s) are disconnected from Wireless Controller that are physically connected to Switch 'PH-PAM-AS01.dyson.global.corp'.,Auto Resolving
ThousandEyes Alert triggered for [underlay] branch_to_uk-mal-rtr01_biz-int,Auto Resolving
ThousandEyes Alert triggered for [underlay] branch_to_sg-dop-rtr01_biz-int,Auto Resolving
ThousandEyes Alert triggered for [underlay] branch_to_uk-mal-rtr01_biz-int,Auto Resolving
ThousandEyes Alert triggered for [underlay] STC_To_kr-seo-rtr02_152.176.24.33_Vz-Int,Auto Resolving
There is a Power Supply's Failure in Network Device PH-PAM-AS04.dyson.global.corp.,Non-Auto Resolving
ThousandEyes Alert triggered for [underlay] branch_to_uk-mal-rtr01_biz-int,Auto Resolving
ThousandEyes Alert triggered for [underlay] branch_to_uk-mal-rtr01_biz-int,Auto Resolving
There is a Power Supply's Failure in Network Device PH-BAT-PTC-C-L3S6-AS02.dyson.global.corp.,Non-Auto Resolving
ThousandEyes Alert triggered for [underlay] branch_to_uk-mal-rtr01_biz-int,Auto Resolving
ThousandEyes Alert triggered for [underlay] branch_to_sg-dop-rtr01_biz-int,Auto Resolving
ThousandEyes Alert triggered for [underlay] branch_to_uk-mal-rtr01_biz-int,Auto Resolving
1 AP(s) are disconnected from Wireless Controller that are physically connected to Switch 'PH-PAM-AS01.dyson.global.corp'.,Auto Resolving
ThousandEyes Alert triggered for [underlay] branch_to_uk-mal-rtr01_biz-int,Auto Resolving
ThousandEyes Alert triggered for [underlay] branch_to_uk-mal-rtr01_biz-int,Auto Resolving
1 AP(s) are disconnected from Wireless Controller that are physically connected to Switch 'PH-PAM-AS01.dyson.global.corp'.,Auto Resolving
ThousandEyes Alert triggered for [underlay] branch_to_uk-mal-rtr01_biz-int,Auto Resolving
ThousandEyes Alert triggered for [underlay] branch_to_uk-mal-rtr01_biz-int,Auto Resolving
ThousandEyes Alert triggered for [underlay] branch_to_uk-mal-rtr01_biz-int,Auto Resolving
ThousandEyes Alert triggered for [underlay] branch_to_uk-mal-rtr01_biz-int,Auto Resolving
ThousandEyes Alert triggered for [underlay] branch_to_uk-mal-rtr01_biz-int,Auto Resolving
1 AP(s) are disconnected from Wireless Controller that are physically connected to Switch 'PH-PAM-AS01.dyson.global.corp'.,Auto Resolving
1 AP(s) are disconnected from Wireless Controller that are physically connected to Switch 'PH-PAM-AS01.dyson.global.corp'.,Auto Resolving
ThousandEyes Alert triggered for [underlay] branch_to_uk-mal-rtr01_biz-int,Auto Resolving
1 AP(s) are disconnected from Wireless Controller that are physically connected to Switch 'PH-PAM-AS01.dyson.global.corp'.,Auto Resolving
ThousandEyes Alert triggered for [underlay] branch_to_uk-mal-rtr01_biz-int,Auto Resolving
ThousandEyes Alert triggered for [underlay] branch_to_sg-dop-rtr01_biz-int,Auto Resolving
ThousandEyes Alert triggered for [underlay] branch_to_uk-mal-rtr01_biz-int,Auto Resolving
ThousandEyes Alert triggered for [underlay] branch_to_uk-mal-rtr01_biz-int,Auto Resolving
ThousandEyes Alert triggered for [underlay] branch_to_uk-mal-rtr01_biz-int,Auto Resolving
ThousandEyes Alert triggered for [underlay] branch_to_uk-mal-rtr01_biz-int,Auto Resolving
ThousandEyes Alert triggered for [underlay] branch_to_sg-dop-rtr01_biz-int,Auto Resolving
ThousandEyes Alert triggered for [underlay] branch_to_uk-mal-rtr01_biz-int,Auto Resolving
ThousandEyes Alert triggered for [underlay] branch_to_uk-mal-rtr01_biz-int,Auto Resolving
ThousandEyes Alert triggered for [underlay] branch_to_sg-dop-rtr01_biz-int,Auto Resolving
ThousandEyes Alert triggered for [underlay] branch_to_uk-mal-rtr01_biz-int,Auto Resolving
ThousandEyes Alert triggered for [underlay] branch_to_sg-dop-rtr01_biz-int,Auto Resolving
1 AP(s) are disconnected from Wireless Controller that are physically connected to Switch 'PH-PAM-AS01.dyson.global.corp'.,Auto Resolving
ThousandEyes Alert triggered for [underlay] branch_to_uk-mal-rtr01_biz-int,Auto Resolving
ThousandEyes Alert triggered for [underlay] branch_to_uk-mal-rtr01_biz-int,Auto Resolving
There is a Power Supply's Failure in Network Device PH-PAM-AS03.dyson.global.corp.,Non-Auto Resolving
1 AP(s) are disconnected from Wireless Controller that are physically connected to Switch 'PH-PAM-AS01.dyson.global.corp'.,Auto Resolving
ThousandEyes Alert triggered for [underlay] branch_to_sg-dop-rtr01_biz-int,Auto Resolving
There is a Power Supply's Failure in Network Device SG-SAM-B20-AS01-1.dyson.global.corp.,Non-Auto Resolving
ThousandEyes Alert triggered for [underlay] branch_to_uk-mal-rtr01_biz-int,Auto Resolving
1 AP(s) are disconnected from Wireless Controller that are physically connected to Switch 'PH-PAM-AS01.dyson.global.corp'.,Auto Resolving
ThousandEyes Alert triggered for [underlay] branch_to_sg-dop-rtr01_biz-int,Auto Resolving
1 AP(s) are disconnected from Wireless Controller that are physically connected to Switch 'PH-PAM-AS01.dyson.global.corp'.,Auto Resolving
ThousandEyes Alert triggered for [underlay] branch_to_uk-mal-rtr01_biz-int,Auto Resolving
ThousandEyes Alert triggered for [underlay] branch_to_sg-dop-rtr01_biz-int,Auto Resolving
ThousandEyes Alert triggered for [underlay] branch_to_sg-dop-rtr01_biz-int,Auto Resolving
ThousandEyes Alert triggered for [underlay] branch_to_uk-mal-rtr01_biz-int,Auto Resolving
ThousandEyes Alert triggered for [underlay] branch_to_uk-mal-rtr01_biz-int,Auto Resolving
ThousandEyes Alert triggered for [underlay] branch_to_sg-dop-rtr01_biz-int,Auto Resolving
1 AP(s) are disconnected from Wireless Controller that are physically connected to Switch 'PH-PAM-AS01.dyson.global.corp'.,Auto Resolving
ThousandEyes Alert triggered for [underlay] branch_to_uk-mal-rtr01_biz-int,Auto Resolving
ThousandEyes Alert triggered for [underlay] branch_to_uk-mal-rtr01_biz-int,Auto Resolving
1 AP(s) are disconnected from Wireless Controller that are physically connected to Switch 'PH-PAM-AS01.dyson.global.corp'.,Auto Resolving
ThousandEyes Alert triggered for [underlay] branch_to_uk-mal-rtr01_biz-int,Auto Resolving
ThousandEyes Alert triggered for [underlay] branch_to_sg-dop-rtr01_biz-int,Auto Resolving
ThousandEyes Alert triggered for [underlay] branch_to_sg-dop-rtr01_biz-int,Auto Resolving
1 AP(s) are disconnected from Wireless Controller that are physically connected to Switch 'uk-bri-02-a-as01.dyson.global.corp'.,Auto Resolving
There is a Power Supply's Failure in Network Device fr-par-flag-as01.dyson.global.corp.,Non-Auto Resolving
ThousandEyes Alert triggered for [underlay] branch_to_uk-mal-rtr01_biz-int,Auto Resolving
ThousandEyes Alert triggered for [underlay] branch_to_uk-mal-rtr01_biz-int,Auto Resolving
ThousandEyes Alert triggered for [underlay] branch_to_uk-mal-rtr01_biz-int,Auto Resolving
ThousandEyes Alert triggered for [underlay] branch_to_uk-mal-rtr01_biz-int,Auto Resolving
1 AP(s) are disconnected from Wireless Controller that are physically connected to Switch 'PH-PAM-AS01.dyson.global.corp'.,Auto Resolving
ThousandEyes Alert triggered for [underlay] branch_to_uk-mal-rtr01_biz-int,Auto Resolving
ThousandEyes Alert triggered for [underlay] branch_to_uk-mal-rtr01_biz-int,Auto Resolving
There is a Power Supply's Failure in Network Device PH-BAT-PTC-C-L3S5-AS02.dyson.global.corp.,Non-Auto Resolving
ThousandEyes Alert triggered for [underlay] branch_to_uk-mal-rtr01_biz-int,Auto Resolving
There is a Power Supply's Failure in Network Device PH-BAT-PTC-C-L3S5-AS02.dyson.global.corp.,Non-Auto Resolving
1 AP(s) are disconnected from Wireless Controller that are physically connected to Switch 'PH-PAM-AS01.dyson.global.corp'.,Auto Resolving
ThousandEyes Alert triggered for [underlay] branch_to_uk-mal-rtr01_biz-int,Auto Resolving
ThousandEyes Alert triggered for [underlay] branch_to_uk-mal-rtr01_biz-int,Auto Resolving
ThousandEyes Alert triggered for [underlay] branch_to_sg-dop-rtr01_biz-int,Auto Resolving
ThousandEyes Alert triggered for [underlay] branch_to_uk-mal-rtr01_biz-int,Auto Resolving
ThousandEyes Alert triggered for [underlay] branch_to_uk-mal-rtr01_biz-int,Auto Resolving
1 AP(s) are disconnected from Wireless Controller that are physically connected to Switch 'PH-PAM-AS01.dyson.global.corp'.,Auto Resolving
ThousandEyes Alert triggered for [underlay] branch_to_uk-mal-rtr01_biz-int,Auto Resolving
1 AP(s) are disconnected from Wireless Controller that are physically connected to Switch 'PH-PAM-AS01.dyson.global.corp'.,Auto Resolving
ThousandEyes Alert triggered for [underlay] branch_to_uk-mal-rtr01_biz-int,Auto Resolving
ThousandEyes Alert triggered for [underlay] branch_to_sg-dop-rtr01_biz-int,Auto Resolving
1 AP(s) are disconnected from Wireless Controller that are physically connected to Switch 'PH-PAM-AS01.dyson.global.corp'.,Auto Resolving
ThousandEyes Alert triggered for [underlay] branch_to_uk-mal-rtr01_biz-int,Auto Resolving
This network device cn-szx-rtr01 is unreachable from Cisco Catalyst Center. The device role is BORDER ROUTER.,Non-Auto Resolving
This network device cn-dal-rtr01 is unreachable from Cisco Catalyst Center. The device role is BORDER ROUTER.,Non-Auto Resolving
This network device cn-sha-rtr01 is unreachable from Cisco Catalyst Center. The device role is BORDER ROUTER.,Non-Auto Resolving
This network device cn-sha-rtr02 is unreachable from Cisco Catalyst Center. The device role is BORDER ROUTER.,Non-Auto Resolving
ThousandEyes Alert triggered for [underlay] branch_to_uk-mal-rtr01_biz-int,Auto Resolving
1 AP(s) are disconnected from Wireless Controller that are physically connected to Switch 'PH-PAM-AS01.dyson.global.corp'.,Auto Resolving
1 AP(s) are disconnected from Wireless Controller that are physically connected to Switch 'PH-PAM-AS01.dyson.global.corp'.,Auto Resolving
ThousandEyes Alert triggered for [underlay] branch_to_sg-dop-rtr01_biz-int,Auto Resolving
ThousandEyes Alert triggered for [underlay] branch_to_uk-mal-rtr01_biz-int,Auto Resolving
ThousandEyes Alert triggered for [underlay] branch_to_sg-dop-rtr01_biz-int,Auto Resolving
1 AP(s) are disconnected from Wireless Controller that are physically connected to Switch 'PH-PAM-AS01.dyson.global.corp'.,Auto Resolving
ThousandEyes Alert triggered for [underlay] branch_to_uk-mal-rtr01_biz-int,Auto Resolving
ThousandEyes Alert triggered for [underlay] branch_to_uk-mal-rtr01_biz-int,Auto Resolving
ThousandEyes Alert triggered for [underlay] branch_to_uk-mal-rtr01_biz-int,Auto Resolving
ThousandEyes Alert triggered for [underlay] branch_to_uk-mal-rtr01_biz-int,Auto Resolving
ThousandEyes Alert triggered for [underlay] branch_to_uk-mal-rtr01_biz-int,Auto Resolving
ThousandEyes Alert triggered for [underlay] branch_to_sg-dop-rtr01_biz-int,Auto Resolving
1 AP(s) are disconnected from Wireless Controller that are physically connected to Switch 'PH-PAM-AS01.dyson.global.corp'.,Auto Resolving
1 AP(s) are disconnected from Wireless Controller that are physically connected to Switch 'PH-PAM-AS01.dyson.global.corp'.,Auto Resolving
1 AP(s) are disconnected from Wireless Controller that are physically connected to Switch 'PH-PAM-AS01.dyson.global.corp'.,Auto Resolving
ThousandEyes Alert triggered for [underlay] branch_to_sg-dop-rtr01_biz-int,Auto Resolving
ThousandEyes Alert triggered for [underlay] branch_to_uk-mal-rtr01_biz-int,Auto Resolving
ThousandEyes Alert triggered for [underlay] branch_to_uk-mal-rtr01_biz-int,Auto Resolving
ThousandEyes Alert triggered for [underlay] branch_to_uk-mal-rtr01_biz-int,Auto Resolving
ThousandEyes Alert triggered for [underlay] branch_to_uk-mal-rtr01_biz-int,Auto Resolving
ThousandEyes Alert triggered for [underlay] branch_to_uk-mal-rtr01_biz-int,Auto Resolving
ThousandEyes Alert triggered for [underlay] branch_to_uk-mal-rtr01_biz-int,Auto Resolving
ThousandEyes Alert triggered for [underlay] branch_to_uk-mal-rtr01_biz-int,Auto Resolving
ThousandEyes Alert triggered for [underlay] branch_to_uk-mal-rtr01_biz-int,Auto Resolving
ThousandEyes Alert triggered for [underlay] branch_to_uk-mal-rtr01_biz-int,Auto Resolving
ThousandEyes Alert triggered for [underlay] branch_to_uk-mal-rtr01_biz-int,Auto Resolving
There is a Power Supply's Failure in Network Device PH-PAM-AS03.dyson.global.corp.,Non-Auto Resolving
ThousandEyes Alert triggered for [underlay] branch_to_uk-mal-rtr01_biz-int,Auto Resolving
ThousandEyes Alert triggered for [underlay] branch_to_uk-mal-rtr01_biz-int,Auto Resolving
ThousandEyes Alert triggered for [underlay] branch_to_uk-mal-rtr01_biz-int,Auto Resolving
ThousandEyes Alert triggered for [underlay] branch_to_uk-mal-rtr01_biz-int,Auto Resolving
ThousandEyes Alert triggered for [underlay] branch_to_uk-mal-rtr01_biz-int,Auto Resolving
4 AP(s) are disconnected from Wireless Controller that are physically connected to Switch 'SG-SAM-B22-AS03.dyson.global.corp'.,Auto Resolving
ThousandEyes Alert triggered for [underlay] branch_to_uk-mal-rtr01_biz-int,Auto Resolving
1 AP(s) are disconnected from Wireless Controller that are physically connected to Switch 'US-NY-SOHO-C01.dyson.global.corp'.,Auto Resolving
ThousandEyes Alert triggered for [underlay] branch_to_uk-mal-rtr01_biz-int,Auto Resolving
ThousandEyes Alert triggered for [underlay] branch_to_uk-mal-rtr01_biz-int,Auto Resolving
ThousandEyes Alert triggered for [underlay] branch_to_uk-mal-rtr01_biz-int,Auto Resolving
ThousandEyes Alert triggered for [underlay] branch_to_uk-mal-rtr01_biz-int,Auto Resolving
ThousandEyes Alert triggered for [underlay] branch_to_uk-mal-rtr01_biz-int,Auto Resolving
ThousandEyes Alert triggered for [underlay] branch_to_sg-dop-rtr01_biz-int,Auto Resolving
ThousandEyes Alert triggered for [underlay] branch_to_uk-mal-rtr01_biz-int,Auto Resolving
ThousandEyes Alert triggered for [underlay] branch_to_uk-mal-rtr01_biz-int,Auto Resolving
ThousandEyes Alert triggered for [underlay] branch_to_uk-mal-rtr01_biz-int,Auto Resolving
ThousandEyes Alert triggered for [underlay] branch_to_uk-mal-rtr01_biz-int,Auto Resolving
ThousandEyes Alert triggered for [underlay] branch_to_sg-dop-rtr01_biz-int,Auto Resolving
1 AP(s) are disconnected from Wireless Controller that are physically connected to Switch 'PH-PAM-AS01.dyson.global.corp'.,Auto Resolving
ThousandEyes Alert triggered for [underlay] branch_to_sg-dop-rtr01_biz-int,Auto Resolving
ThousandEyes Alert triggered for [underlay] branch_to_uk-mal-rtr01_biz-int,Auto Resolving
1 AP(s) are disconnected from Wireless Controller that are physically connected to Switch 'PH-PAM-AS01.dyson.global.corp'.,Auto Resolving
ThousandEyes Alert triggered for [underlay] branch_to_uk-mal-rtr01_biz-int,Auto Resolving
ThousandEyes Alert triggered for [underlay] branch_to_uk-mal-rtr01_biz-int,Auto Resolving
ThousandEyes Alert triggered for [underlay] branch_to_uk-mal-rtr01_biz-int,Auto Resolving
ThousandEyes Alert triggered for [underlay] branch_to_uk-mal-rtr01_biz-int,Auto Resolving
ThousandEyes Alert triggered for [underlay] branch_to_uk-mal-rtr01_biz-int,Auto Resolving
ThousandEyes Alert triggered for [underlay] branch_to_sg-dop-rtr01_biz-int,Auto Resolving
ThousandEyes Alert triggered for [underlay] branch_to_uk-mal-rtr01_biz-int,Auto Resolving
ThousandEyes Alert triggered for [underlay] branch_to_uk-mal-rtr01_biz-int,Auto Resolving
ThousandEyes Alert triggered for [underlay] branch_to_sg-dop-rtr01_biz-int,Auto Resolving
ThousandEyes Alert triggered for [underlay] branch_to_uk-mal-rtr01_biz-int,Auto Resolving
ThousandEyes Alert triggered for [underlay] branch_to_uk-mal-rtr01_biz-int,Auto Resolving
ThousandEyes Alert triggered for [underlay] branch_to_uk-mal-rtr01_biz-int,Auto Resolving
ThousandEyes Alert triggered for [underlay] branch_to_uk-mal-rtr01_biz-int,Auto Resolving
ThousandEyes Alert triggered for [underlay] branch_to_uk-mal-rtr01_biz-int,Auto Resolving
ThousandEyes Alert triggered for [underlay] branch_to_uk-mal-rtr01_biz-int,Auto Resolving
ThousandEyes Alert triggered for [underlay] branch_to_sg-dop-rtr01_biz-int,Auto Resolving
ThousandEyes Alert triggered for [underlay] branch_to_sg-dop-rtr01_biz-int,Auto Resolving
ThousandEyes Alert triggered for [underlay] branch_to_uk-mal-rtr01_biz-int,Auto Resolving
ThousandEyes Alert triggered for [underlay] branch_to_sg-dop-rtr01_biz-int,Auto Resolving
ThousandEyes Alert triggered for [underlay] branch_to_uk-mal-rtr01_biz-int,Auto Resolving
ThousandEyes Alert triggered for [underlay] branch_to_uk-mal-rtr01_biz-int,Auto Resolving
ThousandEyes Alert triggered for [underlay] branch_to_sg-dop-rtr01_biz-int,Auto Resolving
ThousandEyes Alert triggered for [underlay] branch_to_uk-mal-rtr01_biz-int,Auto Resolving
ThousandEyes Alert triggered for [underlay] branch_to_uk-mal-rtr01_biz-int,Auto Resolving
ThousandEyes Alert triggered for [underlay] branch_to_uk-mal-rtr01_biz-int,Auto Resolving
ThousandEyes Alert triggered for [underlay] branch_to_uk-mal-rtr01_biz-int,Auto Resolving
ThousandEyes Alert triggered for [underlay] branch_to_uk-mal-rtr01_biz-int,Auto Resolving
ThousandEyes Alert triggered for [underlay] branch_to_uk-mal-rtr01_biz-int,Auto Resolving
ThousandEyes Alert triggered for [underlay] branch_to_uk-mal-rtr01_biz-int,Auto Resolving
ThousandEyes Alert triggered for [underlay] branch_to_uk-mal-rtr01_biz-int,Auto Resolving
ThousandEyes Alert triggered for [underlay] branch_to_sg-dop-rtr01_biz-int,Auto Resolving
ThousandEyes Alert triggered for [underlay] branch_to_uk-mal-rtr01_biz-int,Auto Resolving
ThousandEyes Alert triggered for [underlay] branch_to_uk-mal-rtr01_biz-int,Auto Resolving
ThousandEyes Alert triggered for [underlay] branch_to_uk-mal-rtr01_biz-int,Auto Resolving
ThousandEyes Alert triggered for [underlay] branch_to_uk-mal-rtr01_biz-int,Auto Resolving
ThousandEyes Alert triggered for [underlay] branch_to_uk-mal-rtr01_biz-int,Auto Resolving
ThousandEyes Alert triggered for [underlay] branch_to_sg-dop-rtr01_biz-int,Auto Resolving
ThousandEyes Alert triggered for [underlay] branch_to_uk-mal-rtr01_biz-int,Auto Resolving
ThousandEyes Alert triggered for [underlay] branch_to_uk-mal-rtr01_biz-int,Auto Resolving
1 AP(s) are disconnected from Wireless Controller that are physically connected to Switch 'PH-BAT-PTC-B-L2S1-AS01.dyson.global.corp'.,Auto Resolving
ThousandEyes Alert triggered for [underlay] branch_to_uk-mal-rtr01_biz-int,Auto Resolving
ThousandEyes Alert triggered for [underlay] branch_to_sg-dop-rtr01_biz-int,Auto Resolving
ThousandEyes Alert triggered for [underlay] branch_to_sg-dop-rtr01_biz-int,Auto Resolving
ThousandEyes Alert triggered for [underlay] branch_to_uk-mal-rtr01_biz-int,Auto Resolving
ThousandEyes Alert triggered for [underlay] branch_to_uk-mal-rtr01_biz-int,Auto Resolving
ThousandEyes Alert triggered for [underlay] branch_to_sg-dop-rtr01_biz-int,Auto Resolving
ThousandEyes Alert triggered for [underlay] branch_to_uk-mal-rtr01_biz-int,Auto Resolving
ThousandEyes Alert triggered for [underlay] branch_to_sg-dop-rtr01_biz-int,Auto Resolving
1 AP(s) are disconnected from Wireless Controller that are physically connected to Switch 'PH-BAT-PTC-B-L2S1-AS01.dyson.global.corp'.,Auto Resolving
ThousandEyes Alert triggered for [underlay] branch_to_sg-dop-rtr01_biz-int,Auto Resolving
1 AP(s) are disconnected from Wireless Controller that are physically connected to Switch 'PH-BAT-PTC-B-L2S1-AS01.dyson.global.corp'.,Auto Resolving
ThousandEyes Alert triggered for [underlay] branch_to_sg-dop-rtr01_biz-int,Auto Resolving
ThousandEyes Alert triggered for [underlay] branch_to_uk-mal-rtr01_biz-int,Auto Resolving
ThousandEyes Alert triggered for [underlay] branch_to_sg-dop-rtr01_biz-int,Auto Resolving
1 AP(s) are disconnected from Wireless Controller that are physically connected to Switch 'PH-PAM-AS01.dyson.global.corp'.,Auto Resolving
ThousandEyes Alert triggered for [underlay] branch_to_uk-mal-rtr01_biz-int,Auto Resolving
There is a Power Supply's Failure in Network Device PH-PAM-AS04.dyson.global.corp.,Non-Auto Resolving
ThousandEyes Alert triggered for [underlay] branch_to_uk-mal-rtr01_biz-int,Auto Resolving
ThousandEyes Alert triggered for [underlay] branch_to_uk-mal-rtr01_biz-int,Auto Resolving
1 AP(s) are disconnected from Wireless Controller that are physically connected to Switch 'PH-BAT-PTC-B-L2S1-AS01.dyson.global.corp'.,Auto Resolving
ThousandEyes Alert triggered for [underlay] branch_to_uk-mal-rtr01_biz-int,Auto Resolving
ThousandEyes Alert triggered for [underlay] branch_to_uk-mal-rtr01_biz-int,Auto Resolving
ThousandEyes Alert triggered for [underlay] branch_to_uk-mal-rtr01_biz-int,Auto Resolving
ThousandEyes Alert triggered for [underlay] branch_to_uk-mal-rtr01_biz-int,Auto Resolving
ThousandEyes Alert triggered for [underlay] branch_to_sg-dop-rtr01_biz-int,Auto Resolving
ThousandEyes Alert triggered for [underlay] branch_to_sg-dop-rtr01_biz-int,Auto Resolving
There is a Power Supply's Failure in Network Device PH-BAT-PTC-C-L3S5-AS02.dyson.global.corp.,Non-Auto Resolving
ThousandEyes Alert triggered for [underlay] branch_to_sg-dop-rtr01_biz-int,Auto Resolving
ThousandEyes Alert triggered for [underlay] branch_to_uk-mal-rtr01_biz-int,Auto Resolving
ThousandEyes Alert triggered for [underlay] branch_to_sg-dop-rtr01_biz-int,Auto Resolving
1 AP(s) are disconnected from Wireless Controller that are physically connected to Switch 'UK-Mal-DIET-AS03.dyson.global.corp'.,Auto Resolving
ThousandEyes Alert triggered for [underlay] branch_to_uk-mal-rtr01_biz-int,Auto Resolving
ThousandEyes Alert triggered for [underlay] branch_to_sg-dop-rtr01_biz-int,Auto Resolving
ThousandEyes Alert triggered for [underlay] branch_to_sg-dop-rtr01_biz-int,Auto Resolving
ThousandEyes Alert triggered for [underlay] branch_to_uk-mal-rtr01_biz-int,Auto Resolving
ThousandEyes Alert triggered for [underlay] branch_to_sg-dop-rtr01_biz-int,Auto Resolving
ThousandEyes Alert triggered for [underlay] branch_to_sg-dop-rtr01_biz-int,Auto Resolving
ThousandEyes Alert triggered for [underlay] gc-ew4-prd-rtr01,Auto Resolving
ThousandEyes Alert triggered for [underlay] gc-au1-prd-rtr02,Auto Resolving
ThousandEyes Alert triggered for [underlay] gc-au1-prd-rtr01,Auto Resolving
ThousandEyes Alert triggered for [underlay] gc-ew2-prd-rtr01,Auto Resolving
ThousandEyes Alert triggered for [underlay] aw-euw1-prd-transit-sdwan-01,Auto Resolving
ThousandEyes Alert triggered for [underlay] aw-euw1-prd-transit-sdwan-02,Auto Resolving
ThousandEyes Alert triggered for [underlay] gc-ew2-prd-rtr02,Auto Resolving
ThousandEyes Alert triggered for [underlay] gc-us1-prd-rtr02,Auto Resolving
ThousandEyes Alert triggered for [underlay] branch_to_sg-dop-rtr01_biz-int,Auto Resolving
ThousandEyes Alert triggered for [underlay] aw-euw1-prd-transit-sdwan-02,Auto Resolving
ThousandEyes Alert triggered for [underlay] aw-euw1-prd-transit-sdwan-01,Auto Resolving
ThousandEyes Alert triggered for [underlay] branch_to_sg-dop-rtr01_biz-int,Auto Resolving
ThousandEyes Alert triggered for [underlay] aw-euw1-prd-transit-sdwan-01,Auto Resolving
ThousandEyes Alert triggered for [underlay] aw-euw1-prd-transit-sdwan-02,Auto Resolving
ThousandEyes Alert triggered for [underlay] branch_to_sg-dop-rtr01_biz-int,Auto Resolving
ThousandEyes Alert triggered for [underlay] branch_to_sg-dop-rtr01_biz-int,Auto Resolving
ThousandEyes Alert triggered for SAP_S4,Auto Resolving
ThousandEyes Alert triggered for [underlay] branch_to_sg-dop-rtr01_biz-int,Auto Resolving
ThousandEyes Alert triggered for [underlay] branch_to_sg-dop-rtr01_biz-int,Auto Resolving
There is a Power Supply's Failure in Network Device SG-SAM-B20-AS01-1.dyson.global.corp.,Non-Auto Resolving
ThousandEyes Alert triggered for [underlay] branch_to_sg-dop-rtr01_biz-int,Auto Resolving
ThousandEyes Alert triggered for [underlay] branch_to_uk-mal-rtr01_biz-int,Auto Resolving
There is a Power Supply's Failure in Network Device SG-SAM-B20-AS01-1.dyson.global.corp.,Non-Auto Resolving
ThousandEyes Alert triggered for [underlay] branch_to_uk-mal-rtr01_biz-int,Auto Resolving
ThousandEyes Alert triggered for [underlay] branch_to_uk-mal-rtr01_biz-int,Auto Resolving
ThousandEyes Alert triggered for [underlay] branch_to_uk-mal-rtr01_biz-int,Auto Resolving
There is a Power Supply's Failure in Network Device PH-PAM-AS03.dyson.global.corp.,Non-Auto Resolving
ThousandEyes Alert triggered for [underlay] branch_to_uk-mal-rtr01_biz-int,Auto Resolving
ThousandEyes Alert triggered for [underlay] branch_to_uk-mal-rtr01_biz-int,Auto Resolving
ThousandEyes Alert triggered for [underlay] branch_to_uk-mal-rtr01_biz-int,Auto Resolving
ThousandEyes Alert triggered for [underlay] branch_to_sg-dop-rtr01_biz-int,Auto Resolving
ThousandEyes Alert triggered for [underlay] branch_to_uk-mal-rtr01_biz-int,Auto Resolving
ThousandEyes Alert triggered for [underlay] branch_to_uk-mal-rtr01_biz-int,Auto Resolving
ThousandEyes Alert triggered for [underlay] branch_to_uk-mal-rtr01_biz-int,Auto Resolving
ThousandEyes Alert triggered for [underlay] branch_to_sg-dop-rtr01_biz-int,Auto Resolving
There is a Power Supply's Failure in Network Device UK-Hul-H86-AS03.dyson.global.corp.,Non-Auto Resolving
ThousandEyes Alert triggered for [underlay] branch_to_uk-mal-rtr01_biz-int,Auto Resolving
This network device au-tap-sw03.dyson.global.corp is unreachable from Cisco Catalyst Center. The device role is EDGE.,Non-Auto Resolving
1 AP(s) are disconnected from Wireless Controller that are physically connected to Switch 'PH-PAM-AS01.dyson.global.corp'.,Auto Resolving
ThousandEyes Alert triggered for [underlay] branch_to_sg-dop-rtr01_biz-int,Auto Resolving
ThousandEyes Alert triggered for [underlay] branch_to_uk-mal-rtr01_biz-int,Auto Resolving
1 AP(s) are disconnected from Wireless Controller that are physically connected to Switch 'PH-PAM-AS01.dyson.global.corp'.,Auto Resolving
2 AP(s) are disconnected from Wireless Controller that are physically connected to Switch 'uk-bri-02-a-as01.dyson.global.corp'.,Auto Resolving
1 AP(s) are disconnected from Wireless Controller that are physically connected to Switch 'uk-bri-03-a-as01.dyson.global.corp'.,Auto Resolving
There is a Power Supply's Failure in Network Device UK-Mal-D3-DC3-AS01.dyson.global.corp.,Non-Auto Resolving
ThousandEyes Alert triggered for [underlay] branch_to_uk-mal-rtr01_biz-int,Auto Resolving
ThousandEyes Alert triggered for [underlay] branch_to_uk-mal-rtr01_biz-int,Auto Resolving
ThousandEyes Alert triggered for [underlay] branch_to_sg-dop-rtr01_biz-int,Auto Resolving
ThousandEyes Alert triggered for [underlay] branch_to_sg-dop-rtr01_biz-int,Auto Resolving
ThousandEyes Alert triggered for [underlay] - UK Hub Primary to uk-mil-rtr01 158.43.20.246,Auto Resolving
ThousandEyes Alert triggered for [underlay] UK-MAL__To_uk-bri-rtr01_158.43.18.125,Auto Resolving
ThousandEyes Alert triggered for [underlay] UK-MAL__To_Lon_Oxford Street_Primary_158.43.69.137_Vz_Int,Auto Resolving
ThousandEyes Alert triggered for [underlay] UK-MAL__To_Bumpers Farm_Secondary_Vz-Int_158.43.69.129,Auto Resolving
ThousandEyes Alert triggered for MSTeams - MS Teams - Web - Internal,Auto Resolving
ThousandEyes Alert triggered for MSTeams - MS Teams (Audio) - Internal,Auto Resolving
ThousandEyes Alert triggered for MSTeams - MS Teams (Video) - Internal,Auto Resolving
1 AP(s) are disconnected from Wireless Controller that are physically connected to Switch 'SG-STC-3F-HubRm2-AS02.dyson.global.corp'.,Auto Resolving
ThousandEyes Alert triggered for [underlay] branch_to_uk-mal-rtr01_biz-int,Auto Resolving
1 AP(s) are disconnected from Wireless Controller that are physically connected to Switch 'SG-STC-3F-HubRm2-AS02.dyson.global.corp'.,Auto Resolving
7 AP(s) are disconnected from Wireless Controller that are physically connected to Switch 'PH-PAM-AS01.dyson.global.corp'.,Auto Resolving
1 AP(s) are disconnected from Wireless Controller that are physically connected to Switch 'PH-PAM-AS01.dyson.global.corp'.,Auto Resolving
1 AP(s) are disconnected from Wireless Controller that are physically connected to Switch 'Unknown'.,Auto Resolving
1 AP(s) are disconnected from Wireless Controller that are physically connected to Switch 'SG-STC-3F-HubRm2-AS02.dyson.global.corp'.,Auto Resolving
1 AP(s) are disconnected from Wireless Controller that are physically connected to Switch 'SG-STC-3F-HubRm2-AS02.dyson.global.corp'.,Auto Resolving
9 AP(s) are disconnected from Wireless Controller that are physically connected to Switch 'PH-PAM-AS01.dyson.global.corp'.,Auto Resolving
1 AP(s) are disconnected from Wireless Controller that are physically connected to Switch 'PH-PAM-AS01.dyson.global.corp'.,Auto Resolving
1 AP(s) are disconnected from Wireless Controller that are physically connected to Switch 'PH-PAM-AS01.dyson.global.corp'.,Auto Resolving
1 AP(s) are disconnected from Wireless Controller that are physically connected to Switch 'SG-STC-3F-HubRm2-AS02.dyson.global.corp'.,Auto Resolving
1 AP(s) are disconnected from Wireless Controller that are physically connected to Switch 'PH-PAM-AS01.dyson.global.corp'.,Auto Resolving
1 AP(s) are disconnected from Wireless Controller that are physically connected to Switch 'PH-PAM-AS01.dyson.global.corp'.,Auto Resolving
1 AP(s) are disconnected from Wireless Controller that are physically connected to Switch 'PH-PAM-AS01.dyson.global.corp'.,Auto Resolving
1 AP(s) are disconnected from Wireless Controller that are physically connected to Switch 'PH-PAM-AS01.dyson.global.corp'.,Auto Resolving
1 AP(s) are disconnected from Wireless Controller that are physically connected to Switch 'PH-PAM-AS01.dyson.global.corp'.,Auto Resolving
There is a Power Supply's Failure in Network Device SG-BIO-C01.dyson.global.corp.,Non-Auto Resolving
1 AP(s) are disconnected from Wireless Controller that are physically connected to Switch 'PH-PAM-AS01.dyson.global.corp'.,Auto Resolving
1 AP(s) are disconnected from Wireless Controller that are physically connected to Switch 'PH-PAM-AS01.dyson.global.corp'.,Auto Resolving
This network device sg-bio-rtr01 is unreachable from Cisco Catalyst Center. The device role is BORDER ROUTER.,Non-Auto Resolving
This network device SG-BIO-C01.dyson.global.corp is unreachable from Cisco Catalyst Center. The device role is BORDER:DEFAULT:WLC:EDGE:MAP-SERVER.,Non-Auto Resolving
ThousandEyes Alert triggered for [underlay] STC_To_sg-bio-rtr01_202.94.122.122,Auto Resolving
1 AP(s) are disconnected from Wireless Controller that are physically connected to Switch 'Unknown'.,Auto Resolving
This WLC 'SG-BIO-C01.dyson.global.corp' has rebooted unexpectedly. Reboot reason is 'PowerOn',Non-Auto Resolving
Network Device SG-BIO-C01.dyson.global.corp is rebooting due to 'PowerOn'.,Non-Auto Resolving
1 AP(s) are disconnected from Wireless Controller that are physically connected to Switch 'PH-PAM-AS01.dyson.global.corp'.,Auto Resolving
1 AP(s) are disconnected from Wireless Controller that are physically connected to Switch 'PH-PAM-AS01.dyson.global.corp'.,Auto Resolving
1 AP(s) are disconnected from Wireless Controller that are physically connected to Switch 'PH-PAM-AS01.dyson.global.corp'.,Auto Resolving
1 AP(s) are disconnected from Wireless Controller that are physically connected to Switch 'PH-PAM-AS01.dyson.global.corp'.,Auto Resolving
1 AP(s) are disconnected from Wireless Controller that are physically connected to Switch 'PH-PAM-AS01.dyson.global.corp'.,Auto Resolving
1 AP(s) are disconnected from Wireless Controller that are physically connected to Switch 'PH-PAM-AS01.dyson.global.corp'.,Auto Resolving
1 AP(s) are disconnected from Wireless Controller that are physically connected to Switch 'PH-PAM-AS01.dyson.global.corp'.,Auto Resolving
There is a Power Supply's Failure in Network Device PH-PAM-AS04.dyson.global.corp.,Non-Auto Resolving
1 AP(s) are disconnected from Wireless Controller that are physically connected to Switch 'PH-PAM-AS01.dyson.global.corp'.,Auto Resolving
1 AP(s) are disconnected from Wireless Controller that are physically connected to Switch 'Unknown'.,Auto Resolving
4 AP(s) are disconnected from Wireless Controller that are physically connected to Switch 'SG-STC-4F-HUBRM2-AS01.dyson.global.corp'.,Auto Resolving
4 AP(s) are disconnected from Wireless Controller that are physically connected to Switch 'SG-STC-TESTEDGE01.dyson.global.corp'.,Auto Resolving
1 AP(s) are disconnected from Wireless Controller that are physically connected to Switch 'PH-PAM-AS01.dyson.global.corp'.,Auto Resolving
1 AP(s) are disconnected from Wireless Controller that are physically connected to Switch 'PH-PAM-AS01.dyson.global.corp'.,Auto Resolving
ThousandEyes Alert triggered for [underlay] branch_to_sg-dop-rtr01_biz-int,Auto Resolving
1 AP(s) are disconnected from Wireless Controller that are physically connected to Switch 'PH-PAM-AS01.dyson.global.corp'.,Auto Resolving
1 AP(s) are disconnected from Wireless Controller that are physically connected to Switch 'SG-STC-4F-HUBRM2-AS01.dyson.global.corp'.,Auto Resolving
1 AP(s) are disconnected from Wireless Controller that are physically connected to Switch 'SG-STC-4F-HUBRM1-AS02.dyson.global.corp'.,Auto Resolving
1 AP(s) are disconnected from Wireless Controller that are physically connected to Switch 'Unknown'.,Auto Resolving
1 AP(s) are disconnected from Wireless Controller that are physically connected to Switch 'PH-PAM-AS01.dyson.global.corp'.,Auto Resolving
1 AP(s) are disconnected from Wireless Controller that are physically connected to Switch 'PH-PAM-AS01.dyson.global.corp'.,Auto Resolving
1 AP(s) are disconnected from Wireless Controller that are physically connected to Switch 'PH-PAM-AS01.dyson.global.corp'.,Auto Resolving
6 AP(s) are disconnected from Wireless Controller that are physically connected to Switch 'SG-SJP-A-08-AS01.dyson.global.corp'.,Auto Resolving
1 AP(s) are disconnected from Wireless Controller that are physically connected to Switch 'PH-PAM-AS01.dyson.global.corp'.,Auto Resolving
1 AP(s) are disconnected from Wireless Controller that are physically connected to Switch 'SG-STC-3F-HubRm2-AS01.dyson.global.corp'.,Auto Resolving
1 AP(s) are disconnected from Wireless Controller that are physically connected to Switch 'SG-STC-3F-SRm-R1-AS01.dyson.global.corp'.,Auto Resolving
1 AP(s) are disconnected from Wireless Controller that are physically connected to Switch 'SG-SJP-C-05-AS02.dyson.global.corp'.,Auto Resolving
1 AP(s) are disconnected from Wireless Controller that are physically connected to Switch 'PH-PAM-AS01.dyson.global.corp'.,Auto Resolving
1 AP(s) are disconnected from Wireless Controller that are physically connected to Switch 'PH-PAM-AS01.dyson.global.corp'.,Auto Resolving
20 AP(s) are disconnected from Wireless Controller that are physically connected to Switch 'SG-SJP-C-03-AS02.dyson.global.corp'.,Auto Resolving
ThousandEyes Alert triggered for [underlay] branch_to_uk-mal-rtr01_biz-int,Auto Resolving
1 AP(s) are disconnected from Wireless Controller that are physically connected to Switch 'PH-PAM-AS01.dyson.global.corp'.,Auto Resolving
1 AP(s) are disconnected from Wireless Controller that are physically connected to Switch 'PH-PAM-AS01.dyson.global.corp'.,Auto Resolving
ThousandEyes Alert triggered for [underlay] branch_to_uk-mal-rtr01_biz-int,Auto Resolving
ThousandEyes Alert triggered for [underlay] branch_to_sg-dop-rtr01_biz-int,Auto Resolving
1 AP(s) are disconnected from Wireless Controller that are physically connected to Switch 'PH-PAM-AS01.dyson.global.corp'.,Auto Resolving
13 AP(s) are disconnected from Wireless Controller that are physically connected to Switch 'SG-SJP-B-05-AS01.dyson.global.corp'.,Auto Resolving
1 AP(s) are disconnected from Wireless Controller that are physically connected to Switch 'PH-PAM-AS01.dyson.global.corp'.,Auto Resolving
1 AP(s) are disconnected from Wireless Controller that are physically connected to Switch 'SG-SJP-A-04-A701.dyson.global.corp'.,Auto Resolving
1 AP(s) are disconnected from Wireless Controller that are physically connected to Switch 'PH-PAM-AS01.dyson.global.corp'.,Auto Resolving
1 AP(s) are disconnected from Wireless Controller that are physically connected to Switch 'PH-PAM-AS01.dyson.global.corp'.,Auto Resolving
1 AP(s) are disconnected from Wireless Controller that are physically connected to Switch 'PH-PAM-AS01.dyson.global.corp'.,Auto Resolving
1 AP(s) are disconnected from Wireless Controller that are physically connected to Switch 'PH-PAM-AS01.dyson.global.corp'.,Auto Resolving
1 AP(s) are disconnected from Wireless Controller that are physically connected to Switch 'PH-PAM-AS01.dyson.global.corp'.,Auto Resolving
1 AP(s) are disconnected from Wireless Controller that are physically connected to Switch 'PH-PAM-AS01.dyson.global.corp'.,Auto Resolving
1 AP(s) are disconnected from Wireless Controller that are physically connected to Switch 'Unknown'.,Auto Resolving
ThousandEyes Alert triggered for [underlay] branch_to_uk-mal-rtr01_biz-int,Auto Resolving
1 AP(s) are disconnected from Wireless Controller that are physically connected to Switch 'PH-PAM-AS01.dyson.global.corp'.,Auto Resolving
1 AP(s) are disconnected from Wireless Controller that are physically connected to Switch 'Unknown'.,Auto Resolving
0 AP(s) are disconnected from Wireless Controller that are physically connected to Switch 'Unknown'.,Auto Resolving
0 AP(s) are disconnected from Wireless Controller that are physically connected to Switch 'PH-PAM-AS01.dyson.global.corp'.,Auto Resolving
0 AP(s) are disconnected from Wireless Controller that are physically connected to Switch 'PH-PAM-AS01.dyson.global.corp'.,Auto Resolving
1 AP(s) are disconnected from Wireless Controller that are physically connected to Switch 'PH-PAM-AS01.dyson.global.corp'.,Auto Resolving
ThousandEyes Alert triggered for [underlay] branch_to_uk-mal-rtr01_biz-int,Auto Resolving
ThousandEyes Alert triggered for [underlay] branch_to_uk-mal-rtr01_biz-int,Auto Resolving
ThousandEyes Alert triggered for [underlay] branch_to_sg-dop-rtr01_biz-int,Auto Resolving
ThousandEyes Alert triggered for [underlay] branch_to_sg-dop-rtr01_biz-int,Auto Resolving
ThousandEyes Alert triggered for [underlay] branch_to_sg-dop-rtr01_biz-int,Auto Resolving
1 AP(s) are disconnected from Wireless Controller that are physically connected to Switch 'SG-STC-3F-HubRm1-AS02.dyson.global.corp'.,Auto Resolving
1 AP(s) are disconnected from Wireless Controller that are physically connected to Switch 'SG-STC-3F-SRM-R1-AS01.dyson.global.corp'.,Auto Resolving
5 AP(s) are disconnected from Wireless Controller that are physically connected to Switch 'SG-SJP-C-03-AS02.dyson.global.corp'.,Auto Resolving
ThousandEyes Alert triggered for [underlay] branch_to_uk-mal-rtr01_biz-int,Auto Resolving
There is a Power Supply's Failure in Network Device SG-SJP-C-03-AS02.dyson.global.corp.,Non-Auto Resolving
1 AP(s) are disconnected from Wireless Controller that are physically connected to Switch 'SG-STC-3F-HubRm1-AS02.dyson.global.corp'.,Auto Resolving
ThousandEyes Alert triggered for [underlay] branch_to_uk-mal-rtr01_biz-int,Auto Resolving
1 AP(s) are disconnected from Wireless Controller that are physically connected to Switch 'PH-PAM-AS01.dyson.global.corp'.,Auto Resolving
1 AP(s) are disconnected from Wireless Controller that are physically connected to Switch 'SG-SJP-A-04-AS01.dyson.global.corp'.,Auto Resolving
2 AP(s) are disconnected from Wireless Controller that are physically connected to Switch 'SG-STC-3F-HubRm2-AS01.dyson.global.corp'.,Auto Resolving
1 AP(s) are disconnected from Wireless Controller that are physically connected to Switch 'SG-STC-3F-HubRm2-AS02.dyson.global.corp'.,Auto Resolving
1 AP(s) are disconnected from Wireless Controller that are physically connected to Switch 'SG-STC-4F-HUBRM1-AS01.dyson.global.corp'.,Auto Resolving
1 AP(s) are disconnected from Wireless Controller that are physically connected to Switch 'PH-PAM-AS01.dyson.global.corp'.,Auto Resolving
1 AP(s) are disconnected from Wireless Controller that are physically connected to Switch 'SG-SJP-A-04-AS01.dyson.global.corp'.,Auto Resolving
1 AP(s) are disconnected from Wireless Controller that are physically connected to Switch 'SG-STC-3F-SRm-R1-AS01.dyson.global.corp'.,Auto Resolving
1 AP(s) are disconnected from Wireless Controller that are physically connected to Switch 'SG-SJP-A-04-AS01.dyson.global.corp'.,Auto Resolving
1 AP(s) are disconnected from Wireless Controller that are physically connected to Switch 'SG-STC-3F-SRm-R1-AS01.dyson.global.corp'.,Auto Resolving
ThousandEyes Alert triggered for [underlay] branch_to_uk-mal-rtr01_biz-int,Auto Resolving
ThousandEyes Alert triggered for [underlay] branch_to_uk-mal-rtr01_biz-int,Auto Resolving
ThousandEyes Alert triggered for [underlay] branch_to_uk-mal-rtr01_biz-int,Auto Resolving
ThousandEyes Alert triggered for [underlay] aw-euw1-prd-transit-sdwan-01,Auto Resolving
ThousandEyes Alert triggered for [underlay] branch_to_uk-mal-rtr01_biz-int,Auto Resolving
ThousandEyes Alert triggered for [underlay] aw-euw1-prd-transit-sdwan-02,Auto Resolving
There is a Power Supply's Failure in Network Device SG-BIO-C01.dyson.global.corp.,Non-Auto Resolving
ThousandEyes Alert triggered for [underlay] branch_to_uk-mal-rtr01_biz-int,Auto Resolving
There is a Power Supply's Failure in Network Device SG-BIO-C01.dyson.global.corp.,Non-Auto Resolving
There is a Power Supply's Failure in Network Device SG-BIO-C01.dyson.global.corp.,Non-Auto Resolving
ThousandEyes Alert triggered for F5 - Remote VPN SG,Non-Auto Resolving
ThousandEyes Alert triggered for [underlay] branch_to_uk-mal-rtr01_biz-int,Auto Resolving
ThousandEyes Alert triggered for [underlay] branch_to_uk-mal-rtr01_biz-int,Auto Resolving
ThousandEyes Alert triggered for [underlay] branch_to_uk-mal-rtr01_biz-int,Auto Resolving
ThousandEyes Alert triggered for [underlay] STC_To_au-tap-rtr01_124.158.16.57,Auto Resolving
ThousandEyes Alert triggered for [underlay] branch_to_uk-mal-rtr01_biz-int,Auto Resolving
1 AP(s) are disconnected from Wireless Controller that are physically connected to Switch 'SG-STC-3F-HubRm2-AS02.dyson.global.corp'.,Auto Resolving
1 AP(s) are disconnected from Wireless Controller that are physically connected to Switch 'PH-PAM-AS01.dyson.global.corp'.,Auto Resolving
ThousandEyes Alert triggered for [underlay] branch_to_uk-mal-rtr01_biz-int,Auto Resolving
ThousandEyes Alert triggered for [underlay] branch_to_uk-mal-rtr01_biz-int,Auto Resolving
ThousandEyes Alert triggered for [underlay] branch_to_uk-mal-rtr01_biz-int,Auto Resolving
ThousandEyes Alert triggered for [underlay] branch_to_uk-mal-rtr01_biz-int,Auto Resolving
ThousandEyes Alert triggered for [underlay] branch_to_uk-mal-rtr01_biz-int,Auto Resolving
There is a Power Supply's Failure in Network Device SG-SAM-B28-AS01.dyson.global.corp.,Non-Auto Resolving
ThousandEyes Alert triggered for [underlay] branch_to_uk-mal-rtr01_biz-int,Auto Resolving
ThousandEyes Alert triggered for [underlay] branch_to_sg-dop-rtr01_biz-int,Auto Resolving
ThousandEyes Alert triggered for [underlay] branch_to_uk-mal-rtr01_biz-int,Auto Resolving
ThousandEyes Alert triggered for [underlay] branch_to_uk-mal-rtr01_biz-int,Auto Resolving
ThousandEyes Alert triggered for [underlay] branch_to_uk-mal-rtr01_biz-int,Auto Resolving
ThousandEyes Alert triggered for [underlay] branch_to_uk-mal-rtr01_biz-int,Auto Resolving
ThousandEyes Alert triggered for [underlay] branch_to_uk-mal-rtr01_biz-int,Auto Resolving
ThousandEyes Alert triggered for [underlay] branch_to_uk-mal-rtr01_biz-int,Auto Resolving
ThousandEyes Alert triggered for [underlay] branch_to_uk-mal-rtr01_biz-int,Auto Resolving
ThousandEyes Alert triggered for [underlay] branch_to_uk-mal-rtr01_biz-int,Auto Resolving
ThousandEyes Alert triggered for [underlay] branch_to_uk-mal-rtr01_biz-int,Auto Resolving
ThousandEyes Alert triggered for [underlay] branch_to_uk-mal-rtr01_biz-int,Auto Resolving
ThousandEyes Alert triggered for [underlay] branch_to_uk-mal-rtr01_biz-int,Auto Resolving
ThousandEyes Alert triggered for [underlay] branch_to_uk-mal-rtr01_biz-int,Auto Resolving
ThousandEyes Alert triggered for [underlay] branch_to_uk-mal-rtr01_biz-int,Auto Resolving
ThousandEyes Alert triggered for [underlay] branch_to_uk-mal-rtr01_biz-int,Auto Resolving
ThousandEyes Alert triggered for [underlay] branch_to_uk-mal-rtr01_biz-int,Auto Resolving
ThousandEyes Alert triggered for [underlay] branch_to_uk-mal-rtr01_biz-int,Auto Resolving
ThousandEyes Alert triggered for [underlay] branch_to_uk-mal-rtr01_biz-int,Auto Resolving
ThousandEyes Alert triggered for [underlay] branch_to_sg-dop-rtr01_biz-int,Auto Resolving
ThousandEyes Alert triggered for [underlay] branch_to_uk-mal-rtr01_biz-int,Auto Resolving
ThousandEyes Alert triggered for [underlay] branch_to_sg-dop-rtr01_biz-int,Auto Resolving
ThousandEyes Alert triggered for [underlay] branch_to_uk-mal-rtr01_biz-int,Auto Resolving
ThousandEyes Alert triggered for [underlay] branch_to_uk-mal-rtr01_biz-int,Auto Resolving
ThousandEyes Alert triggered for [underlay] branch_to_uk-mal-rtr01_biz-int,Auto Resolving
ThousandEyes Alert triggered for [underlay] branch_to_uk-mal-rtr01_biz-int,Auto Resolving
ThousandEyes Alert triggered for [underlay] branch_to_sg-dop-rtr01_biz-int,Auto Resolving
ThousandEyes Alert triggered for [underlay] branch_to_uk-mal-rtr01_biz-int,Auto Resolving
ThousandEyes Alert triggered for [underlay] branch_to_uk-mal-rtr01_biz-int,Auto Resolving
ThousandEyes Alert triggered for [underlay] branch_to_sg-dop-rtr01_biz-int,Auto Resolving
ThousandEyes Alert triggered for [underlay] branch_to_uk-mal-rtr01_biz-int,Auto Resolving
ThousandEyes Alert triggered for [underlay] branch_to_uk-mal-rtr01_biz-int,Auto Resolving
ThousandEyes Alert triggered for [underlay] branch_to_uk-mal-rtr01_biz-int,Auto Resolving
ThousandEyes Alert triggered for [underlay] branch_to_uk-mal-rtr01_biz-int,Auto Resolving
ThousandEyes Alert triggered for [underlay] branch_to_uk-mal-rtr01_biz-int,Auto Resolving
ThousandEyes Alert triggered for [underlay] branch_to_uk-mal-rtr01_biz-int,Auto Resolving
ThousandEyes Alert triggered for [underlay] branch_to_uk-mal-rtr01_biz-int,Auto Resolving
ThousandEyes Alert triggered for [underlay] branch_to_uk-mal-rtr01_biz-int,Auto Resolving
ThousandEyes Alert triggered for [underlay] branch_to_sg-dop-rtr01_biz-int,Auto Resolving
ThousandEyes Alert triggered for [underlay] branch_to_uk-mal-rtr01_biz-int,Auto Resolving
ThousandEyes Alert triggered for [underlay] branch_to_uk-mal-rtr01_biz-int,Auto Resolving
ThousandEyes Alert triggered for [underlay] branch_to_uk-mal-rtr01_biz-int,Auto Resolving
ThousandEyes Alert triggered for [underlay] branch_to_uk-mal-rtr01_biz-int,Auto Resolving
ThousandEyes Alert triggered for [underlay] branch_to_uk-mal-rtr01_biz-int,Auto Resolving
ThousandEyes Alert triggered for [underlay] branch_to_uk-mal-rtr01_biz-int,Auto Resolving
